Generated_Location,Realistic_Location
City1,Lake Robert
City346,West Mary
City62,Danieltown
City234,Brooksside
City266,East Isabellaberg
City497,South Keith
City104,Wongfurt
City230,Michaelview
City54,West Jennifer
City174,North Markchester
City172,North Jessicamouth
City349,Andreatown
City163,New Linda
City426,Catherinechester
City205,Lake Melissamouth
City75,North David
City149,Garciastad
City445,Joseview
City223,Rodriguezstad
City72,East Andrea
City158,Lake Daniel
City184,East Michaelland
City276,Frederickhaven
City465,Samanthahaven
City494,New Patriciaville
City268,Tiffanyburgh
City469,West Daniel
City428,North Michael
City416,East Victoriaton
City254,Kellihaven
City34,Bradleyport
City359,Stefanieshire
City161,Johnsonport
City305,South Johnnyview
City7,North Destiny
City300,Patrickhaven
City175,Bentleyton
City483,North Davidshire
City473,Wendyburgh
City261,Earlberg
City408,New Cynthia
City113,Walkerbury
City458,Colinfurt
City89,Ryanton
City366,South Meganfort
City90,Lake Adamfort
City214,New Michael
City148,East Stephenhaven
City459,Chapmanfort
City341,Dorseyport
City193,South Marcus
City393,South Garytown
City251,Thomasport
City476,West Jenniferborough
City4,New Jose
City438,New Richard
City95,Jamesside
City150,New Ashley
City281,Jenniferbury
City96,Winterston
City295,South Kellyburgh
City66,Michelleborough
City367,West Daniellehaven
City70,Johnmouth
City394,Manuelbury
City285,Lake Christineshire
City384,Port Katie
City312,East William
City296,Davidberg
City453,New James
City82,East Jennifer
City102,East Jeffreyburgh
City294,Martinezbury
City284,Taylortown
City221,Rowlandville
City171,Port Jessica
City409,Williammouth
City310,Smithfurt
City291,New Nicole
City455,East Audrey
City324,Greenfurt
City41,East Jacobmouth
City44,West Katherineburgh
City129,Hahnburgh
City213,South Dana
City331,Hernandezton
City417,North Michael
City382,Smithbury
City228,South Lori
City332,Ashleychester
City353,Lake Seth
City364,North Ricky
City155,Bryanburgh
City442,Melindaburgh
City440,Wendybury
City297,Port Tarafurt
City315,Jonesborough
City492,Paulland
City322,North Brittany
City450,North Cynthia
City2,Wademouth
City439,South Johnchester
City125,Curtisview
City498,North Kelly
City206,Port Michelle
City139,Lake Lori
City471,Robinsonside
City238,North Aaron
City326,Gregberg
City80,North Luke
City73,Harrisonborough
City460,Summermouth
City447,Matthewside
City250,Port Jenniferfurt
City191,Hebertberg
City392,Lake Stevenland
City377,Port Micheleview
City247,South Jill
City243,West Daniellehaven
City462,Markmouth
City388,East Shawnberg
City335,Sanchezview
City304,North Janice
City385,East Lindseyfort
City156,Lake Toni
City111,South Shirleyport
City391,Michelletown
City67,East Cory
City270,South Andrewfort
City231,Piercebury
City168,Lake Joanneside
City432,New Julieton
City279,Port Ryan
City413,Smithville
City339,Pettyview
City124,Stephentown
City32,Marytown
City68,West Mariaborough
City131,Paulton
City283,Port Andrea
City406,South Cindy
City493,Larsonstad
City263,Thompsonmouth
City154,Lake Anthony
City267,Andrewhaven
City106,Millershire
City486,Wellsmouth
City94,South Carolview
City127,Huffmanberg
City56,West Duanechester
City446,Curtisberg
City365,Thomastown
City478,South Marktown
City374,East Jamie
City443,Port Mary
City470,Stevensberg
City59,North Jameschester
City253,South Paulhaven
City482,South Johnport
City258,Port Lisaside
City245,Markburgh
City169,Lake Tinaborough
City375,North Alyssastad
City183,Castroshire
City194,North Emily
City370,Markfort
City252,Port Daniellehaven
City229,New Jamesborough
City88,South Shelbymouth
City180,Danielfort
City151,Taylorport
City484,New Eric
City489,Johnsonmouth
City363,South Davidfort
City386,Amandamouth
City39,Lake Kristinaburgh
City107,East Lance
City145,North Christopher
City47,Martinezmouth
City372,Port Walterhaven
City452,Brandyborough
City123,West Kimberlytown
City396,New Ian
City100,Tateborough
City333,Herringmouth
City133,Thomasborough
City422,North Kimberly
City31,Port Christopherton
City407,Thompsonfort
City120,Adrianmouth
City344,Williamsburgh
City334,Amyland
City115,East Ashley
City271,West Jenniferton
City278,North Marcus
City198,Craigbury
City61,West Danielle
City26,East Mark
City142,West Markton
City468,North Emily
City259,East Tommy
City12,East Jenna
City24,Joshuamouth
City25,Lake Tylerton
City424,Jeanetteview
City165,Richardfort
City355,North Christieport
City490,New Monique
City126,Port Tinaland
City441,Taylorside
City356,Whiteville
City199,Deleonmouth
City487,Emilyborough
City215,Dorisstad
City33,Mallorytown
City143,West Shannonshire
City78,East David
City351,Jeffmouth
City299,East Angiefort
City20,Lake Peter
City114,Christineland
City28,Derricktown
City22,Douglasview
City423,Campbellburgh
City186,Daniellehaven
City128,North James
City36,Guerrerofurt
City3,Richardborough
City208,North Ronaldfurt
City421,Heatherland
City282,Gracechester
City27,East Cassandrahaven
City226,Michealborough
City318,New Angelaport
City488,Hallburgh
City256,Reedstad
City178,South Melissa
City196,Karenchester
City436,Lake Erinton
City144,Florestown
City480,South Tiffanyhaven
City373,Port Karifort
City472,Harrisfurt
City448,West Courtney
City18,Lewistown
City146,Lake Courtney
City209,Garciaview
City454,Acostaton
City287,Jenniferchester
City187,Wilsonview
City246,New Tylerbury
City395,Harrisborough
City121,Michaelton
City117,Ashleystad
City481,Scottville
City69,Jenniferhaven
City464,Nguyenchester
City179,North Theresaton
City16,Lake Amberport
City195,West Theresaburgh
City319,Morganview
City99,West Jennifer
City167,Port Stephanie
City83,Kimberlytown
City55,Lopezberg
City159,Patriciaville
City225,New Mario
City51,North Stephaniebury
City260,Lawrenceborough
City466,South Kyleville
City141,North Eric
City30,Jacobmouth
City190,Flynnbury
City201,New Larryland
City48,Davistown
City467,Lake Lucas
City309,West Melissamouth
City405,Port Marymouth
City14,Ericaborough
City235,Jacobsview
City182,East Courtneyborough
City390,New William
City477,Sotoshire
City105,Davisfurt
City232,Lisaborough
City71,South Brendamouth
City17,Port Aaronmouth
City157,Johnsonville
City272,Port Troytown
City211,South Matthewland
City343,Scottfort
City330,East Brian
City84,Hilltown
City37,Davidtown
City19,Lake Leslie
City358,West Cynthiachester
City216,Conniestad
City188,Jacksonstad
City313,Karenfort
City166,Lake Kennethstad
City499,East Katherine
City200,North Candace
City357,Olsontown
City153,Dianabury
City389,North Roychester
City269,Cynthiaview
City451,West Stephanieport
City227,Danielchester
City15,South Karen
City368,Brownberg
City348,Daltonfurt
City303,Wrightshire
City85,Dennisstad
City11,Barnettchester
City237,Port Teresa
City387,Meltonport
City495,East Laurenville
City354,West Craig
City98,South Laura
City371,West Garytown
City92,West Catherine
City49,Parktown
City286,Jayland
City218,North Luke
City398,New Julia
City420,Jonathanstad
City101,Braunland
City338,Edwardstad
City112,Mistybury
City134,West Jesse
City140,Donaldchester
City87,East Kristinbury
City419,East Michael
City289,Jenniferhaven
City475,New Brittanyville
City290,West Jo
City418,Susanstad
City210,Kimberlyton
City412,New Mariahville
City239,West Lorichester
City122,New Allen
City328,New Jesseton
City411,Timothyborough
City116,Williamton
City162,Johnmouth
City103,North Wayneton
City152,South Melissafurt
City496,Deanfort
City435,West Michelle
City311,Jeffreyview
City173,West Rhondastad
City277,East Julie
City340,Swansonmouth
City414,Davisview
City91,North Benjamin
City350,Torresshire
City380,Laurieberg
City257,Sheilatown
City217,Lake Courtney
City220,Rebeccaview
City345,Carolfurt
City64,West Tammy
City457,Jamesfort
City337,East Marcusburgh
City399,East Anthony
City10,Manuelville
City58,South Lisaland
City327,Richardsonside
City192,South Johnmouth
City50,West Jessica
City136,Transhire
City410,Nicholastown
City9,Coleland
City57,Amberberg
City449,Port Roberthaven
City347,East William
City108,North Shirley
City219,New Mariahshire
City5,Houstonberg
City288,South Josemouth
City500,Garciaport
City74,South Amanda
City38,Warnerport
City301,Edwinhaven
City119,West Tamara
City336,New Rickyhaven
City242,South Debbieborough
City369,Nicholasside
City307,Angelaside
City130,Port Gary
City222,West Eric
City329,South Nancy
City202,Port Michael
City93,Downsmouth
City53,Ballardbury
City203,South Patriciaview
City485,Matthewshire
City360,Teresaview
City323,Nicolemouth
City397,Woodsside
City275,Lake Bonnie
City23,North Jeanettestad
City293,Sherryshire
City361,Tonyport
City233,Mckinneyborough
City212,New Heathermouth
City479,South Josetown
City308,Port Christinatown
City181,South Robert
City402,New Whitney
City383,East Janet
City403,North Lynnbury
City429,West Dianafurt
City241,East Catherine
City362,Lake Bryan
City42,Elizabethborough
City97,Brittanytown
City46,North Derrickside
City292,Alexamouth
City342,Lake Jessica
City138,Levinemouth
City13,Francismouth
City415,Jamesmouth
City302,West Edwardburgh
City320,West David
City298,Joyshire
City164,Port Josephmouth
City400,Torresshire
City491,Tinaport
City60,West Gary
City6,Hollyview
City430,Lake Heather
City137,North Danny
City29,New Mariashire
City236,Brockton
City63,Jenningsfort
City110,East Victoria
City147,New Anthony
City189,Dianafort
City316,Sandrabury
City376,South Michaelmouth
City434,Maryfort
City177,East Jesusburgh
City378,Markmouth
City431,North Jonathanfort
City21,North Kevin
City244,Christinemouth
City280,Kaiserville
City456,Port Larryfurt
City314,Dennisview
City43,Brettton
City325,Rosalesmouth
City35,Banksbury
City176,Port Gregoryhaven
City109,North Kathryn
City197,Leahberg
City425,North Caleb
City427,Lake Michael
City461,Torresview
City474,Stevenburgh
City274,South Johnfurt
City170,Mcbridemouth
City86,Dennishaven
City265,Joeberg
City249,Wileyborough
City401,South Margaret
City81,New Patricia
City240,Hardinchester
City8,West Julie
City306,Harringtonberg
City433,Marilynbury
City118,Brendanberg
City381,South Jennifer
City379,New Dana
City76,Christopherbury
City52,Alejandrotown
City248,Gonzalezville
City255,Lake Lindseychester
City160,North Kevin
City224,Johnathanchester
City185,Christinaborough
City444,North Marioland
City352,New Ruth
City404,Juanstad
City437,Lake Danielle
City40,Hawkinsstad
City204,Lake Tammymouth
City264,Michaelton
City77,Robertsonfort
City463,North Michael
City321,Taylorburgh
City207,North Cassie
City317,Port Dylan
City262,Bowmanshire
City79,New Darrell
City135,Davidburgh
City132,Pamelatown
City45,New Thomas
City65,South Brandonport
City273,Guzmanfurt
