Generated_Team,Realistic_Team
Team94,"Mccall, Blevins and Harris"
Team95,Kennedy LLC
Team12,"Pacheco, Medina and Buchanan"
Team67,Moore-Tran
Team2,Lopez and Sons
Team72,Smith-Perry
Team92,Silva-Schwartz
Team52,"Ramirez, Young and Clark"
Team23,Rivera PLC
Team89,Dixon-Kidd
Team57,"Dominguez, Bird and Barron"
Team70,Mclaughlin-Williams
Team88,Thompson LLC
Team3,"Estrada, Hamilton and Bird"
Team43,"Lopez, Morrow and Powell"
Team15,"Gonzalez, Wilkins and White"
Team59,"Weaver, Stanley and Lopez"
Team4,Smith Group
Team91,"Mason, Chung and Adams"
Team76,Chang PLC
Team29,Ball Inc
Team18,Johnson Ltd
Team33,Durham Ltd
Team87,Farley Group
Team26,Woods Group
Team97,Mercado LLC
Team58,Hebert and Sons
Team30,"Lee, Gonzalez and Hernandez"
Team79,Chan-Davis
Team48,Jones-Jones
Team41,"Jackson, Williams and Kim"
Team50,"Lee, Herrera and Pollard"
Team81,Flynn Inc
Team17,Dillon-Scott
Team42,Smith and Sons
Team60,Lambert-Hernandez
Team5,Bryant Ltd
Team19,"Barrett, Patel and Kim"
Team63,Reed LLC
Team31,"Gordon, Carter and Edwards"
Team78,"Gibbs, Thompson and Wells"
Team45,Sutton Group
Team8,Ward Group
Team13,"Jones, Hayes and Spencer"
Team10,Mitchell-Thornton
Team28,Edwards LLC
Team20,"Edwards, Burton and Lester"
Team71,"Smith, Hart and Mcdonald"
Team99,Choi-Kent
Team25,"Barrett, Mason and Melton"
Team100,Wilson Ltd
Team46,Wallace Group
Team86,Gordon-Sims
Team53,Garcia-Strickland
Team62,"Young, Prince and Huffman"
Team36,Doyle Ltd
Team44,"Lopez, Valdez and Martinez"
Team98,Holland LLC
Team40,Kim Group
Team69,Williams-Little
Team68,Curry-Mccall
Team83,Green-Taylor
Team51,"Larson, Dennis and Arroyo"
Team55,Brown-Prince
Team82,Terry Ltd
Team14,"Brewer, Sanford and Tran"
Team34,Sullivan-Smith
Team32,"Morgan, Mays and Torres"
Team84,Stewart-Garrett
Team80,"Pacheco, White and Neal"
Team93,Carter-White
Team64,Macdonald LLC
Team90,Larson-Allen
Team22,"Sanchez, Williams and Lawson"
Team96,"Little, Davis and Butler"
Team77,"Wilson, Chandler and Wagner"
Team49,Riddle-Lloyd
Team35,"Kelly, Gilbert and Christensen"
Team27,"Saunders, Harrington and Miller"
Team85,"Bailey, Farley and Johnson"
Team61,"Tucker, Gonzalez and Stanton"
Team24,Martinez and Sons
Team1,"Schroeder, Odom and Trevino"
Team73,"Roberts, Graham and George"
Team21,Mason-Taylor
Team9,Miller PLC
Team38,King-Rivera
Team56,"Chavez, Hansen and Jenkins"
Team54,Berry-Austin
Team75,Bowen-Roberts
Team65,Scott LLC
Team74,Garcia Inc
Team6,Sullivan-Vargas
Team11,"Reed, Lamb and Patterson"
Team37,Williams and Sons
Team66,Morris LLC
Team39,Davila Ltd
Team16,Nguyen LLC
Team7,"Johnson, Lang and Smith"
Team47,Williams-George
